timestamp_paris,date,jour,heure,type_jour,pourcentage,statut
2026-09-24 14:57,2026-09-24,jeudi,14:57,semaine,,erreur_technique
2026-09-24 15:04,2026-09-24,jeudi,15:04,semaine,17,ok
2026-09-24 15:15,2026-09-24,jeudi,15:15,semaine,18,ok
2026-09-24 15:44,2026-09-24,jeudi,15:44,semaine,19,ok
2026-09-24 16:14,2026-09-24,jeudi,16:14,semaine,18,ok
2026-09-24 16:44,2026-09-24,jeudi,16:44,semaine,15,ok
2026-09-24 17:15,2026-09-24,jeudi,17:15,semaine,14,ok
2026-09-24 17:42,2026-09-24,jeudi,17:42,semaine,15,ok
2026-09-24 18:14,2026-09-24,jeudi,18:14,semaine,14,ok
2026-09-24 18:42,2026-09-24,jeudi,18:42,semaine,16,ok
2026-09-24 19:12,2026-09-24,jeudi,19:12,semaine,16,ok
2026-09-24 19:40,2026-09-24,jeudi,19:40,semaine,19,ok
2026-09-24 20:16,2026-09-24,jeudi,20:16,semaine,22,ok
2026-09-24 20:44,2026-09-24,jeudi,20:44,semaine,19,ok
2026-09-24 21:12,2026-09-24,jeudi,21:12,semaine,13,ok
2026-09-25 10:43,2026-09-25,vendredi,10:43,semaine,18,ok
2026-09-25 11:14,2026-09-25,vendredi,11:14,semaine,23,ok
2026-09-25 11:42,2026-09-25,vendredi,11:42,semaine,25,ok
2026-09-25 12:13,2026-09-25,vendredi,12:13,semaine,24,ok
2026-09-25 12:42,2026-09-25,vendredi,12:42,semaine,20,ok
2026-09-25 13:13,2026-09-25,vendredi,13:13,semaine,18,ok
2026-09-25 13:42,2026-09-25,vendredi,13:42,semaine,17,ok
2026-09-25 14:17,2026-09-25,vendredi,14:17,semaine,18,ok
2026-09-25 14:47,2026-09-25,vendredi,14:47,semaine,27,ok
2026-09-25 15:15,2026-09-25,vendredi,15:15,semaine,30,ok
2026-09-25 15:43,2026-09-25,vendredi,15:43,semaine,33,ok
2026-09-25 16:15,2026-09-25,vendredi,16:15,semaine,36,ok
2026-09-25 16:43,2026-09-25,vendredi,16:43,semaine,35,ok
2026-09-25 17:15,2026-09-25,vendredi,17:15,semaine,36,ok
2026-09-25 17:41,2026-09-25,vendredi,17:41,semaine,30,ok
2026-09-25 18:14,2026-09-25,vendredi,18:14,semaine,31,ok
2026-09-25 18:44,2026-09-25,vendredi,18:44,semaine,37,ok
2026-09-25 19:12,2026-09-25,vendredi,19:12,semaine,38,ok
2026-09-25 19:42,2026-09-25,vendredi,19:42,semaine,39,ok
2026-09-25 20:15,2026-09-25,vendredi,20:15,semaine,37,ok
2026-09-25 20:44,2026-09-25,vendredi,20:44,semaine,34,ok
2026-09-25 21:11,2026-09-25,vendredi,21:11,semaine,33,ok
2026-09-25 21:40,2026-09-25,vendredi,21:40,semaine,26,ok
2026-09-25 22:12,2026-09-25,vendredi,22:12,semaine,19,ok
2026-09-26 10:41,2026-09-26,samedi,10:41,week-end,28,ok
2026-09-26 11:12,2026-09-26,samedi,11:12,week-end,36,ok
2026-09-26 11:40,2026-09-26,samedi,11:40,week-end,38,ok
2026-09-26 12:12,2026-09-26,samedi,12:12,week-end,39,ok
2026-09-26 12:40,2026-09-26,samedi,12:40,week-end,30,ok
2026-09-26 13:12,2026-09-26,samedi,13:12,week-end,25,ok
2026-09-26 13:40,2026-09-26,samedi,13:40,week-end,21,ok
2026-09-26 14:16,2026-09-26,samedi,14:16,week-end,24,ok
2026-09-26 14:44,2026-09-26,samedi,14:44,week-end,34,ok
2026-09-26 15:12,2026-09-26,samedi,15:12,week-end,42,ok
2026-09-26 15:40,2026-09-26,samedi,15:40,week-end,43,ok
2026-09-26 16:13,2026-09-26,samedi,16:13,week-end,52,ok
2026-09-26 16:41,2026-09-26,samedi,16:41,week-end,53,ok
2026-09-26 17:12,2026-09-26,samedi,17:12,week-end,54,ok
2026-09-26 17:42,2026-09-26,samedi,17:42,week-end,53,ok
2026-09-26 18:13,2026-09-26,samedi,18:13,week-end,46,ok
2026-09-26 18:42,2026-09-26,samedi,18:42,week-end,41,ok
2026-09-26 19:12,2026-09-26,samedi,19:12,week-end,37,ok
2026-09-26 19:40,2026-09-26,samedi,19:40,week-end,36,ok
2026-09-26 20:15,2026-09-26,samedi,20:15,week-end,32,ok
2026-09-26 20:43,2026-09-26,samedi,20:43,week-end,31,ok
2026-09-26 21:11,2026-09-26,samedi,21:11,week-end,30,ok
2026-09-26 21:39,2026-09-26,samedi,21:39,week-end,29,ok
2026-09-26 22:12,2026-09-26,samedi,22:12,week-end,21,ok
2026-09-27 10:42,2026-09-27,dimanche,10:42,week-end,37,ok
2026-09-27 11:13,2026-09-27,dimanche,11:13,week-end,46,ok
2026-09-27 11:41,2026-09-27,dimanche,11:41,week-end,47,ok
2026-09-27 12:12,2026-09-27,dimanche,12:12,week-end,46,ok
2026-09-27 12:41,2026-09-27,dimanche,12:41,week-end,37,ok
2026-09-27 13:12,2026-09-27,dimanche,13:12,week-end,29,ok
2026-09-27 13:41,2026-09-27,dimanche,13:41,week-end,29,ok
2026-09-27 14:16,2026-09-27,dimanche,14:16,week-end,31,ok
2026-09-27 14:45,2026-09-27,dimanche,14:45,week-end,41,ok
2026-09-27 15:12,2026-09-27,dimanche,15:12,week-end,48,ok
2026-09-27 15:41,2026-09-27,dimanche,15:41,week-end,56,ok
2026-09-27 16:12,2026-09-27,dimanche,16:12,week-end,60,ok
2026-09-27 16:41,2026-09-27,dimanche,16:41,week-end,63,ok
2026-09-27 17:12,2026-09-27,dimanche,17:12,week-end,69,ok
2026-09-27 17:41,2026-09-27,dimanche,17:41,week-end,68,ok
2026-09-27 18:13,2026-09-27,dimanche,18:13,week-end,59,ok
2026-09-27 18:42,2026-09-27,dimanche,18:42,week-end,53,ok
2026-09-27 19:12,2026-09-27,dimanche,19:12,week-end,50,ok
2026-09-27 19:40,2026-09-27,dimanche,19:40,week-end,50,ok
2026-09-27 20:15,2026-09-27,dimanche,20:15,week-end,42,ok
2026-09-27 20:43,2026-09-27,dimanche,20:43,week-end,32,ok
2026-09-27 21:11,2026-09-27,dimanche,21:11,week-end,26,ok
2026-09-28 10:45,2026-09-28,lundi,10:45,semaine,15,ok
2026-09-28 11:16,2026-09-28,lundi,11:16,semaine,20,ok
2026-09-28 11:45,2026-09-28,lundi,11:45,semaine,19,ok
2026-09-28 12:15,2026-09-28,lundi,12:15,semaine,15,ok
2026-09-28 12:44,2026-09-28,lundi,12:44,semaine,10,ok
2026-09-28 13:14,2026-09-28,lundi,13:14,semaine,7,ok
2026-09-28 13:45,2026-09-28,lundi,13:45,semaine,10,ok
2026-09-28 14:18,2026-09-28,lundi,14:18,semaine,11,ok
2026-09-28 14:49,2026-09-28,lundi,14:49,semaine,15,ok
2026-09-28 15:15,2026-09-28,lundi,15:15,semaine,17,ok
2026-09-28 15:46,2026-09-28,lundi,15:46,semaine,18,ok
2026-09-28 16:16,2026-09-28,lundi,16:16,semaine,16,ok
2026-09-28 16:47,2026-09-28,lundi,16:47,semaine,13,ok
2026-09-28 17:16,2026-09-28,lundi,17:16,semaine,11,ok
2026-09-28 17:45,2026-09-28,lundi,17:45,semaine,14,ok
2026-09-28 18:16,2026-09-28,lundi,18:16,semaine,0,suspect_zero
2026-09-28 18:44,2026-09-28,lundi,18:44,semaine,19,ok
2026-09-28 19:13,2026-09-28,lundi,19:13,semaine,18,ok
2026-09-28 19:43,2026-09-28,lundi,19:43,semaine,18,ok
2026-09-28 20:16,2026-09-28,lundi,20:16,semaine,15,ok
2026-09-28 20:47,2026-09-28,lundi,20:47,semaine,12,ok
2026-09-28 21:13,2026-09-28,lundi,21:13,semaine,9,ok
2026-09-29 10:45,2026-09-29,mardi,10:45,semaine,8,ok
2026-09-29 11:15,2026-09-29,mardi,11:15,semaine,10,ok
2026-09-29 11:45,2026-09-29,mardi,11:45,semaine,9,ok
2026-09-29 12:14,2026-09-29,mardi,12:14,semaine,8,ok
2026-09-29 12:46,2026-09-29,mardi,12:46,semaine,9,ok
2026-09-29 13:13,2026-09-29,mardi,13:13,semaine,9,ok
2026-09-29 13:44,2026-09-29,mardi,13:44,semaine,8,ok
2026-09-29 14:18,2026-09-29,mardi,14:18,semaine,10,ok
2026-09-29 14:49,2026-09-29,mardi,14:49,semaine,14,ok
2026-09-29 15:17,2026-09-29,mardi,15:17,semaine,17,ok
2026-09-29 15:46,2026-09-29,mardi,15:46,semaine,19,ok
2026-09-29 16:15,2026-09-29,mardi,16:15,semaine,19,ok
2026-09-29 16:46,2026-09-29,mardi,16:46,semaine,16,ok
2026-09-29 17:16,2026-09-29,mardi,17:16,semaine,15,ok
2026-09-29 17:45,2026-09-29,mardi,17:45,semaine,13,ok
2026-09-29 18:15,2026-09-29,mardi,18:15,semaine,13,ok
2026-09-29 18:46,2026-09-29,mardi,18:46,semaine,15,ok
2026-09-29 19:12,2026-09-29,mardi,19:12,semaine,15,ok
2026-09-29 19:44,2026-09-29,mardi,19:44,semaine,19,ok
2026-09-29 20:17,2026-09-29,mardi,20:17,semaine,22,ok
2026-09-29 20:47,2026-09-29,mardi,20:47,semaine,21,ok
2026-09-29 21:14,2026-09-29,mardi,21:14,semaine,12,ok
2026-09-30 10:46,2026-09-30,mercredi,10:46,semaine,9,ok
2026-09-30 11:14,2026-09-30,mercredi,11:14,semaine,12,ok
2026-09-30 11:46,2026-09-30,mercredi,11:46,semaine,11,ok
2026-09-30 12:15,2026-09-30,mercredi,12:15,semaine,10,ok
2026-09-30 12:45,2026-09-30,mercredi,12:45,semaine,9,ok
2026-09-30 13:13,2026-09-30,mercredi,13:13,semaine,6,ok
2026-09-30 13:45,2026-09-30,mercredi,13:45,semaine,4,ok
2026-09-30 14:19,2026-09-30,mercredi,14:19,semaine,7,ok
2026-09-30 14:51,2026-09-30,mercredi,14:51,semaine,10,ok
2026-09-30 15:18,2026-09-30,mercredi,15:18,semaine,12,ok
2026-09-30 15:45,2026-09-30,mercredi,15:45,semaine,11,ok
2026-09-30 16:20,2026-09-30,mercredi,16:20,semaine,14,ok
2026-09-30 16:48,2026-09-30,mercredi,16:48,semaine,15,ok
2026-09-30 17:18,2026-09-30,mercredi,17:18,semaine,15,ok
2026-09-30 17:47,2026-09-30,mercredi,17:47,semaine,15,ok
2026-09-30 18:16,2026-09-30,mercredi,18:16,semaine,18,ok
2026-09-30 18:45,2026-09-30,mercredi,18:45,semaine,17,ok
2026-09-30 19:14,2026-09-30,mercredi,19:14,semaine,19,ok
2026-09-30 19:47,2026-09-30,mercredi,19:47,semaine,23,ok
2026-09-30 20:16,2026-09-30,mercredi,20:16,semaine,21,ok
2026-09-30 20:48,2026-09-30,mercredi,20:48,semaine,20,ok
2026-09-30 21:15,2026-09-30,mercredi,21:15,semaine,15,ok
2026-10-01 10:46,2026-10-01,jeudi,10:46,semaine,8,ok
2026-10-01 11:16,2026-10-01,jeudi,11:16,semaine,11,ok
2026-10-01 11:46,2026-10-01,jeudi,11:46,semaine,9,ok
2026-10-01 12:16,2026-10-01,jeudi,12:16,semaine,9,ok
2026-10-01 12:45,2026-10-01,jeudi,12:45,semaine,9,ok
2026-10-01 13:14,2026-10-01,jeudi,13:14,semaine,9,ok
2026-10-01 13:44,2026-10-01,jeudi,13:44,semaine,9,ok
2026-10-01 14:19,2026-10-01,jeudi,14:19,semaine,13,ok
2026-10-01 14:50,2026-10-01,jeudi,14:50,semaine,13,ok
2026-10-01 15:19,2026-10-01,jeudi,15:19,semaine,17,ok
2026-10-01 15:47,2026-10-01,jeudi,15:47,semaine,15,ok
2026-10-01 16:17,2026-10-01,jeudi,16:17,semaine,13,ok
2026-10-01 16:46,2026-10-01,jeudi,16:46,semaine,14,ok
2026-10-01 17:23,2026-10-01,jeudi,17:23,semaine,12,ok
2026-10-01 17:51,2026-10-01,jeudi,17:51,semaine,13,ok
2026-10-01 18:22,2026-10-01,jeudi,18:22,semaine,14,ok
2026-10-01 18:44,2026-10-01,jeudi,18:44,semaine,0,suspect_zero
2026-10-01 19:15,2026-10-01,jeudi,19:15,semaine,16,ok
2026-10-01 19:45,2026-10-01,jeudi,19:45,semaine,0,suspect_zero
2026-10-01 20:18,2026-10-01,jeudi,20:18,semaine,22,ok
2026-10-01 20:49,2026-10-01,jeudi,20:49,semaine,18,ok
2026-10-01 21:15,2026-10-01,jeudi,21:15,semaine,14,ok
2026-10-02 10:44,2026-10-02,vendredi,10:44,semaine,14,ok
2026-10-02 11:15,2026-10-02,vendredi,11:15,semaine,16,ok
2026-10-02 11:45,2026-10-02,vendredi,11:45,semaine,15,ok
2026-10-02 12:13,2026-10-02,vendredi,12:13,semaine,0,suspect_zero
2026-10-02 12:45,2026-10-02,vendredi,12:45,semaine,11,ok
2026-10-02 13:14,2026-10-02,vendredi,13:14,semaine,12,ok
2026-10-02 13:44,2026-10-02,vendredi,13:44,semaine,13,ok
2026-10-02 14:17,2026-10-02,vendredi,14:17,semaine,14,ok
2026-10-02 14:49,2026-10-02,vendredi,14:49,semaine,16,ok
2026-10-02 15:16,2026-10-02,vendredi,15:16,semaine,19,ok
2026-10-02 15:46,2026-10-02,vendredi,15:46,semaine,23,ok
2026-10-02 16:15,2026-10-02,vendredi,16:15,semaine,21,ok
2026-10-02 16:47,2026-10-02,vendredi,16:47,semaine,21,ok
2026-10-02 17:16,2026-10-02,vendredi,17:16,semaine,19,ok
2026-10-02 17:46,2026-10-02,vendredi,17:46,semaine,18,ok
2026-10-02 18:14,2026-10-02,vendredi,18:14,semaine,21,ok
2026-10-02 18:46,2026-10-02,vendredi,18:46,semaine,27,ok
2026-10-02 19:14,2026-10-02,vendredi,19:14,semaine,31,ok
2026-10-02 19:43,2026-10-02,vendredi,19:43,semaine,0,suspect_zero
2026-10-02 20:18,2026-10-02,vendredi,20:18,semaine,27,ok
2026-10-02 20:47,2026-10-02,vendredi,20:47,semaine,28,ok
2026-10-02 21:14,2026-10-02,vendredi,21:14,semaine,27,ok
2026-10-02 21:44,2026-10-02,vendredi,21:44,semaine,22,ok
2026-10-02 22:13,2026-10-02,vendredi,22:13,semaine,15,ok
2026-10-03 10:47,2026-10-03,samedi,10:47,week-end,19,ok
2026-10-03 11:15,2026-10-03,samedi,11:15,week-end,29,ok
2026-10-03 11:43,2026-10-03,samedi,11:43,week-end,31,ok
2026-10-03 12:13,2026-10-03,samedi,12:13,week-end,30,ok
2026-10-03 13:00,2026-10-03,samedi,13:00,week-end,17,ok
2026-10-03 15:28,2026-10-03,samedi,15:28,week-end,43,ok
2026-10-03 20:26,2026-10-03,samedi,20:26,week-end,35,ok
2026-10-04 17:27,2026-10-04,dimanche,17:27,week-end,50,ok
2026-10-05 10:48,2026-10-05,lundi,10:48,semaine,15,ok
2026-10-05 11:16,2026-10-05,lundi,11:16,semaine,18,ok
2026-10-05 11:47,2026-10-05,lundi,11:47,semaine,17,ok
2026-10-05 12:16,2026-10-05,lundi,12:16,semaine,0,suspect_zero
2026-10-05 12:46,2026-10-05,lundi,12:46,semaine,13,ok
2026-10-05 13:14,2026-10-05,lundi,13:14,semaine,11,ok
2026-10-05 13:47,2026-10-05,lundi,13:47,semaine,10,ok
2026-10-05 14:19,2026-10-05,lundi,14:19,semaine,0,suspect_zero
2026-10-05 14:52,2026-10-05,lundi,14:52,semaine,16,ok
2026-10-05 15:19,2026-10-05,lundi,15:19,semaine,19,ok
2026-10-05 15:48,2026-10-05,lundi,15:48,semaine,22,ok
2026-10-05 16:18,2026-10-05,lundi,16:18,semaine,20,ok
2026-10-05 16:48,2026-10-05,lundi,16:48,semaine,0,suspect_zero
2026-10-05 17:17,2026-10-05,lundi,17:17,semaine,18,ok
2026-10-05 18:15,2026-10-05,lundi,18:15,semaine,16,ok
2026-10-05 18:47,2026-10-05,lundi,18:47,semaine,17,ok
2026-10-05 19:13,2026-10-05,lundi,19:13,semaine,19,ok
2026-10-05 19:45,2026-10-05,lundi,19:45,semaine,17,ok
2026-10-05 20:17,2026-10-05,lundi,20:17,semaine,16,ok
2026-10-05 20:50,2026-10-05,lundi,20:50,semaine,14,ok
2026-10-06 10:46,2026-10-06,mardi,10:46,semaine,9,ok
2026-10-06 11:15,2026-10-06,mardi,11:15,semaine,12,ok
2026-10-06 11:46,2026-10-06,mardi,11:46,semaine,16,ok
2026-10-06 12:14,2026-10-06,mardi,12:14,semaine,14,ok
2026-10-06 12:46,2026-10-06,mardi,12:46,semaine,12,ok
2026-10-06 13:13,2026-10-06,mardi,13:13,semaine,10,ok
2026-10-06 13:45,2026-10-06,mardi,13:45,semaine,9,ok
2026-10-06 14:17,2026-10-06,mardi,14:17,semaine,9,ok
2026-10-06 14:49,2026-10-06,mardi,14:49,semaine,17,ok
2026-10-06 15:16,2026-10-06,mardi,15:16,semaine,18,ok
2026-10-06 15:46,2026-10-06,mardi,15:46,semaine,18,ok
2026-10-06 16:16,2026-10-06,mardi,16:16,semaine,15,ok
2026-10-06 16:46,2026-10-06,mardi,16:46,semaine,14,ok
2026-10-06 17:15,2026-10-06,mardi,17:15,semaine,12,ok
2026-10-06 17:45,2026-10-06,mardi,17:45,semaine,12,ok
2026-10-06 18:15,2026-10-06,mardi,18:15,semaine,11,ok
2026-10-06 18:47,2026-10-06,mardi,18:47,semaine,15,ok
2026-10-06 19:13,2026-10-06,mardi,19:13,semaine,17,ok
2026-10-06 19:45,2026-10-06,mardi,19:45,semaine,17,ok
2026-10-06 20:15,2026-10-06,mardi,20:15,semaine,19,ok
2026-10-06 20:49,2026-10-06,mardi,20:49,semaine,17,ok
2026-10-06 21:12,2026-10-06,mardi,21:12,semaine,14,ok
2026-10-07 10:47,2026-10-07,mercredi,10:47,semaine,11,ok
2026-10-07 11:15,2026-10-07,mercredi,11:15,semaine,13,ok
2026-10-07 11:47,2026-10-07,mercredi,11:47,semaine,14,ok
2026-10-07 12:15,2026-10-07,mercredi,12:15,semaine,0,suspect_zero
2026-10-07 12:45,2026-10-07,mercredi,12:45,semaine,14,ok
2026-10-07 13:14,2026-10-07,mercredi,13:14,semaine,9,ok
2026-10-07 13:45,2026-10-07,mercredi,13:45,semaine,7,ok
2026-10-07 14:19,2026-10-07,mercredi,14:19,semaine,9,ok
2026-10-07 14:54,2026-10-07,mercredi,14:54,semaine,0,suspect_zero
2026-10-07 15:18,2026-10-07,mercredi,15:18,semaine,0,suspect_zero
2026-10-07 15:46,2026-10-07,mercredi,15:46,semaine,14,ok
2026-10-07 16:16,2026-10-07,mercredi,16:16,semaine,17,ok
2026-10-07 16:46,2026-10-07,mercredi,16:46,semaine,17,ok
2026-10-07 17:25,2026-10-07,mercredi,17:25,semaine,16,ok
2026-10-07 17:51,2026-10-07,mercredi,17:51,semaine,18,ok
2026-10-07 18:17,2026-10-07,mercredi,18:17,semaine,18,ok
2026-10-07 18:47,2026-10-07,mercredi,18:47,semaine,21,ok
2026-10-07 19:20,2026-10-07,mercredi,19:20,semaine,17,ok
2026-10-07 19:45,2026-10-07,mercredi,19:45,semaine,17,ok
2026-10-07 20:17,2026-10-07,mercredi,20:17,semaine,15,ok
2026-10-07 21:15,2026-10-07,mercredi,21:15,semaine,14,ok
2026-10-08 10:47,2026-10-08,jeudi,10:47,semaine,18,ok
2026-10-08 11:16,2026-10-08,jeudi,11:16,semaine,19,ok
2026-10-08 11:47,2026-10-08,jeudi,11:47,semaine,20,ok
2026-10-08 12:16,2026-10-08,jeudi,12:16,semaine,16,ok
2026-10-08 12:46,2026-10-08,jeudi,12:46,semaine,17,ok
2026-10-08 13:14,2026-10-08,jeudi,13:14,semaine,14,ok
2026-10-08 13:46,2026-10-08,jeudi,13:46,semaine,0,suspect_zero
2026-10-08 14:53,2026-10-08,jeudi,14:53,semaine,16,ok
2026-10-08 15:19,2026-10-08,jeudi,15:19,semaine,17,ok
2026-10-08 15:47,2026-10-08,jeudi,15:47,semaine,16,ok
2026-10-08 16:17,2026-10-08,jeudi,16:17,semaine,14,ok
2026-10-08 16:48,2026-10-08,jeudi,16:48,semaine,12,ok
2026-10-08 17:15,2026-10-08,jeudi,17:15,semaine,0,suspect_zero
2026-10-08 17:48,2026-10-08,jeudi,17:48,semaine,11,ok
2026-10-08 18:17,2026-10-08,jeudi,18:17,semaine,13,ok
2026-10-08 18:48,2026-10-08,jeudi,18:48,semaine,17,ok
2026-10-08 19:15,2026-10-08,jeudi,19:15,semaine,16,ok
2026-10-08 19:45,2026-10-08,jeudi,19:45,semaine,20,ok
2026-10-08 20:16,2026-10-08,jeudi,20:16,semaine,24,ok
2026-10-08 20:50,2026-10-08,jeudi,20:50,semaine,21,ok
2026-10-08 21:15,2026-10-08,jeudi,21:15,semaine,15,ok
2026-10-09 10:51,2026-10-09,vendredi,10:51,semaine,18,ok
2026-10-09 11:21,2026-10-09,vendredi,11:21,semaine,22,ok
2026-10-09 11:50,2026-10-09,vendredi,11:50,semaine,25,ok
2026-10-09 12:21,2026-10-09,vendredi,12:21,semaine,21,ok
2026-10-09 12:49,2026-10-09,vendredi,12:49,semaine,19,ok
2026-10-09 13:19,2026-10-09,vendredi,13:19,semaine,15,ok
2026-10-09 13:48,2026-10-09,vendredi,13:48,semaine,12,ok
2026-10-09 14:23,2026-10-09,vendredi,14:23,semaine,13,ok
2026-10-09 14:54,2026-10-09,vendredi,14:54,semaine,17,ok
2026-10-09 15:23,2026-10-09,vendredi,15:23,semaine,23,ok
2026-10-09 15:51,2026-10-09,vendredi,15:51,semaine,24,ok
2026-10-09 16:22,2026-10-09,vendredi,16:22,semaine,23,ok
2026-10-09 16:52,2026-10-09,vendredi,16:52,semaine,22,ok
2026-10-09 17:19,2026-10-09,vendredi,17:19,semaine,18,ok
2026-10-09 17:51,2026-10-09,vendredi,17:51,semaine,20,ok
2026-10-09 18:19,2026-10-09,vendredi,18:19,semaine,23,ok
2026-10-09 18:50,2026-10-09,vendredi,18:50,semaine,29,ok
2026-10-09 19:17,2026-10-09,vendredi,19:17,semaine,34,ok
2026-10-09 19:48,2026-10-09,vendredi,19:48,semaine,36,ok
2026-10-09 20:21,2026-10-09,vendredi,20:21,semaine,0,suspect_zero
2026-10-09 20:52,2026-10-09,vendredi,20:52,semaine,0,suspect_zero
2026-10-09 21:17,2026-10-09,vendredi,21:17,semaine,27,ok
2026-10-09 21:47,2026-10-09,vendredi,21:47,semaine,22,ok
2026-10-09 22:18,2026-10-09,vendredi,22:18,semaine,15,ok
2026-10-10 10:47,2026-10-10,samedi,10:47,week-end,23,ok
2026-10-10 11:18,2026-10-10,samedi,11:18,week-end,31,ok
2026-10-10 11:47,2026-10-10,samedi,11:47,week-end,32,ok
2026-10-10 12:17,2026-10-10,samedi,12:17,week-end,32,ok
2026-10-10 12:46,2026-10-10,samedi,12:46,week-end,28,ok
2026-10-10 13:16,2026-10-10,samedi,13:16,week-end,20,ok
2026-10-10 13:46,2026-10-10,samedi,13:46,week-end,21,ok
2026-10-10 14:21,2026-10-10,samedi,14:21,week-end,27,ok
2026-10-10 14:52,2026-10-10,samedi,14:52,week-end,35,ok
2026-10-10 15:18,2026-10-10,samedi,15:18,week-end,43,ok
2026-10-10 15:46,2026-10-10,samedi,15:46,week-end,48,ok
2026-10-10 16:17,2026-10-10,samedi,16:17,week-end,52,ok
2026-10-10 16:46,2026-10-10,samedi,16:46,week-end,52,ok
2026-10-10 17:17,2026-10-10,samedi,17:17,week-end,49,ok
2026-10-10 17:47,2026-10-10,samedi,17:47,week-end,48,ok
2026-10-10 18:17,2026-10-10,samedi,18:17,week-end,46,ok
2026-10-10 18:47,2026-10-10,samedi,18:47,week-end,42,ok
2026-10-10 19:16,2026-10-10,samedi,19:16,week-end,40,ok
2026-10-10 19:45,2026-10-10,samedi,19:45,week-end,39,ok
2026-10-10 20:20,2026-10-10,samedi,20:20,week-end,37,ok
2026-10-10 20:50,2026-10-10,samedi,20:50,week-end,38,ok
